{"ProjectBreakpoints":"{\"Value\":{}}","ProjectWatches":"{\"Value\":[{\"Id\":\"f449ca1f-a705-40f4-8d68-4374d26b349a\",\"Expression\":\"WIList(0)\"},{\"Id\":\"f2595f9a-993d-4874-9dcb-535f7474ebeb\",\"Expression\":\"TransactionItem\"},{\"Id\":\"9b4c2200-e460-4f6a-88c3-21e4d467c802\",\"Expression\":\"out_TransactionItem\"},{\"Id\":\"d83d9305-4a8e-46d4-aead-938d9f772ffc\",\"Expression\":\"in_TransactionNumber\"}]}","OpenedDocuments":"[\"System1/UpdateWorkItems.xaml\",\"System1/ExtractItems.xaml\",\"Process.xaml\",\"System1/Login.xaml\",\"Framework/GetTransactionData.xaml\",\"Main.xaml\"]"}