{"ProjectBreakpoints":"{\"Value\":{}}","ProjectWatches":"{\"Value\":[{\"Id\":\"422e1eec-128c-4bc9-9200-f1de1520b0f0\",\"Expression\":\"in_TransactionItem\"},{\"Id\":\"18248a13-383e-4f99-ab4e-b6ba2c0b5fbe\",\"Expression\":\"temp\"},{\"Id\":\"deeb63b5-9c5b-40d2-9e13-b18dde9ac525\",\"Expression\":\"dt_WorkItems\"},{\"Id\":\"c4ef9472-3ee4-45c2-90e7-a69288a06c08\",\"Expression\":\"in_TransactionNumber\"},{\"Id\":\"3aa8219c-c8d6-4d75-ba08-921ab5db56d9\",\"Expression\":\"nextPage\"},{\"Id\":\"60be5162-c29c-41ec-bc3a-14a0ebc9c7a1\",\"Expression\":\"NextPageExists\"},{\"Id\":\"9c492153-5c32-4de3-97a3-807f177817b8\",\"Expression\":\"out_TransactionItem\"},{\"Id\":\"6a01329c-d99b-4cdf-bc35-a1a7cf27368c\",\"Expression\":\"io_TransactionNumber\"}]}","OpenedDocuments":"[\"Main.xaml\"]"}